,ERZ,ERZ_contig,downloaded_assemblies,contig_file,extracted_contig_file,downloaded_cds,cds_file,extracted_cds_file,gff_file,extracted_gff_file
MGYC001660019901,ERZ841001,ERZ841001.17719-NODE-17719-length-4955-cov-3.19429,['/scicore/home/schwede/pasqua0002/metaGCsnap/workflow/metaGCsnap/tutorial/rubisco/assemblies/assemblies/ERZ841001_FASTA.fasta.gz'],/scicore/home/schwede/pasqua0002/metaGCsnap/workflow/metaGCsnap/tutorial/rubisco/contigs/contigs/MGYC001660019901.fna.gz,True,['/scicore/home/schwede/pasqua0002/metaGCsnap/workflow/metaGCsnap/tutorial/rubisco/assemblies/assemblies_cds/ERZ841001_FASTA_predicted_cds.faa.gz'],/scicore/home/schwede/pasqua0002/metaGCsnap/workflow/metaGCsnap/tutorial/rubisco/contigs/proteins/MGYC001660019901.faa.gz,True,/scicore/home/schwede/pasqua0002/metaGCsnap/workflow/metaGCsnap/tutorial/rubisco/contigs/gff/MGYC001660019901.gff.gz,True
MGYC002629087175,ERZ1742330,ERZ1742330.161-NODE-161-length-59843-cov-27.436101,['/scicore/home/schwede/pasqua0002/metaGCsnap/workflow/metaGCsnap/tutorial/rubisco/assemblies/assemblies/ERZ1742330_FASTA.fasta.gz'],/scicore/home/schwede/pasqua0002/metaGCsnap/workflow/metaGCsnap/tutorial/rubisco/contigs/contigs/MGYC002629087175.fna.gz,True,['/scicore/home/schwede/pasqua0002/metaGCsnap/workflow/metaGCsnap/tutorial/rubisco/assemblies/assemblies_cds/ERZ1742330_FASTA_predicted_cds.faa.gz'],/scicore/home/schwede/pasqua0002/metaGCsnap/workflow/metaGCsnap/tutorial/rubisco/contigs/proteins/MGYC002629087175.faa.gz,True,/scicore/home/schwede/pasqua0002/metaGCsnap/workflow/metaGCsnap/tutorial/rubisco/contigs/gff/MGYC002629087175.gff.gz,True
MGYC000239500197,ERZ1030301,,['/scicore/home/schwede/pasqua0002/metaGCsnap/workflow/metaGCsnap/tutorial/rubisco/assemblies/assemblies/ERZ1030301_FASTA.fasta.gz'],/scicore/home/schwede/pasqua0002/metaGCsnap/workflow/metaGCsnap/tutorial/rubisco/contigs/contigs/MGYC000239500197.fna.gz,False,"['/scicore/home/schwede/pasqua0002/metaGCsnap/workflow/metaGCsnap/tutorial/rubisco/assemblies/assemblies_cds/ERZ1030301_FASTA_CDS_annotated.faa.gz', '/scicore/home/schwede/pasqua0002/metaGCsnap/workflow/metaGCsnap/tutorial/rubisco/assemblies/assemblies_cds/ERZ1030301_FASTA_CDS_unannotated.faa.gz']",/scicore/home/schwede/pasqua0002/metaGCsnap/workflow/metaGCsnap/tutorial/rubisco/contigs/proteins/MGYC000239500197.faa.gz,False,/scicore/home/schwede/pasqua0002/metaGCsnap/workflow/metaGCsnap/tutorial/rubisco/contigs/gff/MGYC000239500197.gff.gz,False
MGYC000848738651,ERZ1034489,,['/scicore/home/schwede/pasqua0002/metaGCsnap/workflow/metaGCsnap/tutorial/rubisco/assemblies/assemblies/ERZ1034489_FASTA.fasta.gz'],/scicore/home/schwede/pasqua0002/metaGCsnap/workflow/metaGCsnap/tutorial/rubisco/contigs/contigs/MGYC000848738651.fna.gz,False,"['/scicore/home/schwede/pasqua0002/metaGCsnap/workflow/metaGCsnap/tutorial/rubisco/assemblies/assemblies_cds/ERZ1034489_FASTA_CDS_annotated.faa.gz', '/scicore/home/schwede/pasqua0002/metaGCsnap/workflow/metaGCsnap/tutorial/rubisco/assemblies/assemblies_cds/ERZ1034489_FASTA_CDS_unannotated.faa.gz']",/scicore/home/schwede/pasqua0002/metaGCsnap/workflow/metaGCsnap/tutorial/rubisco/contigs/proteins/MGYC000848738651.faa.gz,False,/scicore/home/schwede/pasqua0002/metaGCsnap/workflow/metaGCsnap/tutorial/rubisco/contigs/gff/MGYC000848738651.gff.gz,False
MGYC001158304128,ERZ1758077,ERZ1758077.45-NODE-45-length-332632-cov-38.3959,['/scicore/home/schwede/pasqua0002/metaGCsnap/workflow/metaGCsnap/tutorial/rubisco/assemblies/assemblies/ERZ1758077_FASTA.fasta.gz'],/scicore/home/schwede/pasqua0002/metaGCsnap/workflow/metaGCsnap/tutorial/rubisco/contigs/contigs/MGYC001158304128.fna.gz,True,['/scicore/home/schwede/pasqua0002/metaGCsnap/workflow/metaGCsnap/tutorial/rubisco/assemblies/assemblies_cds/ERZ1758077_FASTA_predicted_cds.faa.gz'],/scicore/home/schwede/pasqua0002/metaGCsnap/workflow/metaGCsnap/tutorial/rubisco/contigs/proteins/MGYC001158304128.faa.gz,True,/scicore/home/schwede/pasqua0002/metaGCsnap/workflow/metaGCsnap/tutorial/rubisco/contigs/gff/MGYC001158304128.gff.gz,True
MGYC001158308255,ERZ1758080,ERZ1758080.93-NODE-93-length-182388-cov-39.8332,['/scicore/home/schwede/pasqua0002/metaGCsnap/workflow/metaGCsnap/tutorial/rubisco/assemblies/assemblies/ERZ1758080_FASTA.fasta.gz'],/scicore/home/schwede/pasqua0002/metaGCsnap/workflow/metaGCsnap/tutorial/rubisco/contigs/contigs/MGYC001158308255.fna.gz,True,['/scicore/home/schwede/pasqua0002/metaGCsnap/workflow/metaGCsnap/tutorial/rubisco/assemblies/assemblies_cds/ERZ1758080_FASTA_predicted_cds.faa.gz'],/scicore/home/schwede/pasqua0002/metaGCsnap/workflow/metaGCsnap/tutorial/rubisco/contigs/proteins/MGYC001158308255.faa.gz,True,/scicore/home/schwede/pasqua0002/metaGCsnap/workflow/metaGCsnap/tutorial/rubisco/contigs/gff/MGYC001158308255.gff.gz,True
MGYC001158304834,ERZ1758083,ERZ1758083.42-NODE-42-length-329062-cov-60.8333,['/scicore/home/schwede/pasqua0002/metaGCsnap/workflow/metaGCsnap/tutorial/rubisco/assemblies/assemblies/ERZ1758083_FASTA.fasta.gz'],/scicore/home/schwede/pasqua0002/metaGCsnap/workflow/metaGCsnap/tutorial/rubisco/contigs/contigs/MGYC001158304834.fna.gz,True,['/scicore/home/schwede/pasqua0002/metaGCsnap/workflow/metaGCsnap/tutorial/rubisco/assemblies/assemblies_cds/ERZ1758083_FASTA_predicted_cds.faa.gz'],/scicore/home/schwede/pasqua0002/metaGCsnap/workflow/metaGCsnap/tutorial/rubisco/contigs/proteins/MGYC001158304834.faa.gz,True,/scicore/home/schwede/pasqua0002/metaGCsnap/workflow/metaGCsnap/tutorial/rubisco/contigs/gff/MGYC001158304834.gff.gz,True
MGYC001159113595,ERZ1758102,ERZ1758102.44-NODE-44-length-329062-cov-65.9948,['/scicore/home/schwede/pasqua0002/metaGCsnap/workflow/metaGCsnap/tutorial/rubisco/assemblies/assemblies/ERZ1758102_FASTA.fasta.gz'],/scicore/home/schwede/pasqua0002/metaGCsnap/workflow/metaGCsnap/tutorial/rubisco/contigs/contigs/MGYC001159113595.fna.gz,True,['/scicore/home/schwede/pasqua0002/metaGCsnap/workflow/metaGCsnap/tutorial/rubisco/assemblies/assemblies_cds/ERZ1758102_FASTA_predicted_cds.faa.gz'],/scicore/home/schwede/pasqua0002/metaGCsnap/workflow/metaGCsnap/tutorial/rubisco/contigs/proteins/MGYC001159113595.faa.gz,True,/scicore/home/schwede/pasqua0002/metaGCsnap/workflow/metaGCsnap/tutorial/rubisco/contigs/gff/MGYC001159113595.gff.gz,True
MGYC001159110239,ERZ1758105,ERZ1758105.29-NODE-29-length-329062-cov-37.7838,['/scicore/home/schwede/pasqua0002/metaGCsnap/workflow/metaGCsnap/tutorial/rubisco/assemblies/assemblies/ERZ1758105_FASTA.fasta.gz'],/scicore/home/schwede/pasqua0002/metaGCsnap/workflow/metaGCsnap/tutorial/rubisco/contigs/contigs/MGYC001159110239.fna.gz,True,['/scicore/home/schwede/pasqua0002/metaGCsnap/workflow/metaGCsnap/tutorial/rubisco/assemblies/assemblies_cds/ERZ1758105_FASTA_predicted_cds.faa.gz'],/scicore/home/schwede/pasqua0002/metaGCsnap/workflow/metaGCsnap/tutorial/rubisco/contigs/proteins/MGYC001159110239.faa.gz,True,/scicore/home/schwede/pasqua0002/metaGCsnap/workflow/metaGCsnap/tutorial/rubisco/contigs/gff/MGYC001159110239.gff.gz,True
MGYC001159150609,ERZ1758108,ERZ1758108.44-NODE-44-length-329062-cov-56.4055,['/scicore/home/schwede/pasqua0002/metaGCsnap/workflow/metaGCsnap/tutorial/rubisco/assemblies/assemblies/ERZ1758108_FASTA.fasta.gz'],/scicore/home/schwede/pasqua0002/metaGCsnap/workflow/metaGCsnap/tutorial/rubisco/contigs/contigs/MGYC001159150609.fna.gz,True,['/scicore/home/schwede/pasqua0002/metaGCsnap/workflow/metaGCsnap/tutorial/rubisco/assemblies/assemblies_cds/ERZ1758108_FASTA_predicted_cds.faa.gz'],/scicore/home/schwede/pasqua0002/metaGCsnap/workflow/metaGCsnap/tutorial/rubisco/contigs/proteins/MGYC001159150609.faa.gz,True,/scicore/home/schwede/pasqua0002/metaGCsnap/workflow/metaGCsnap/tutorial/rubisco/contigs/gff/MGYC001159150609.gff.gz,True
MGYC001159154725,ERZ1758111,ERZ1758111.43-NODE-43-length-329062-cov-57.1272,['/scicore/home/schwede/pasqua0002/metaGCsnap/workflow/metaGCsnap/tutorial/rubisco/assemblies/assemblies/ERZ1758111_FASTA.fasta.gz'],/scicore/home/schwede/pasqua0002/metaGCsnap/workflow/metaGCsnap/tutorial/rubisco/contigs/contigs/MGYC001159154725.fna.gz,True,['/scicore/home/schwede/pasqua0002/metaGCsnap/workflow/metaGCsnap/tutorial/rubisco/assemblies/assemblies_cds/ERZ1758111_FASTA_predicted_cds.faa.gz'],/scicore/home/schwede/pasqua0002/metaGCsnap/workflow/metaGCsnap/tutorial/rubisco/contigs/proteins/MGYC001159154725.faa.gz,True,/scicore/home/schwede/pasqua0002/metaGCsnap/workflow/metaGCsnap/tutorial/rubisco/contigs/gff/MGYC001159154725.gff.gz,True
MGYC001159205082,ERZ1758115,ERZ1758115.47-NODE-47-length-332632-cov-48.8312,['/scicore/home/schwede/pasqua0002/metaGCsnap/workflow/metaGCsnap/tutorial/rubisco/assemblies/assemblies/ERZ1758115_FASTA.fasta.gz'],/scicore/home/schwede/pasqua0002/metaGCsnap/workflow/metaGCsnap/tutorial/rubisco/contigs/contigs/MGYC001159205082.fna.gz,True,['/scicore/home/schwede/pasqua0002/metaGCsnap/workflow/metaGCsnap/tutorial/rubisco/assemblies/assemblies_cds/ERZ1758115_FASTA_predicted_cds.faa.gz'],/scicore/home/schwede/pasqua0002/metaGCsnap/workflow/metaGCsnap/tutorial/rubisco/contigs/proteins/MGYC001159205082.faa.gz,True,/scicore/home/schwede/pasqua0002/metaGCsnap/workflow/metaGCsnap/tutorial/rubisco/contigs/gff/MGYC001159205082.gff.gz,True
MGYC000162702755,ERZ1688198,ERZ1688198.36583-k141-8852,['/scicore/home/schwede/pasqua0002/metaGCsnap/workflow/metaGCsnap/tutorial/rubisco/assemblies/assemblies/ERZ1688198_FASTA.fasta.gz'],/scicore/home/schwede/pasqua0002/metaGCsnap/workflow/metaGCsnap/tutorial/rubisco/contigs/contigs/MGYC000162702755.fna.gz,True,['/scicore/home/schwede/pasqua0002/metaGCsnap/workflow/metaGCsnap/tutorial/rubisco/assemblies/assemblies_cds/ERZ1688198_FASTA_predicted_cds.faa.gz'],/scicore/home/schwede/pasqua0002/metaGCsnap/workflow/metaGCsnap/tutorial/rubisco/contigs/proteins/MGYC000162702755.faa.gz,True,/scicore/home/schwede/pasqua0002/metaGCsnap/workflow/metaGCsnap/tutorial/rubisco/contigs/gff/MGYC000162702755.gff.gz,True
MGYC001329004029,ERZ778604,,['/scicore/home/schwede/pasqua0002/metaGCsnap/workflow/metaGCsnap/tutorial/rubisco/assemblies/assemblies/ERZ778604_FASTA.fasta.gz'],/scicore/home/schwede/pasqua0002/metaGCsnap/workflow/metaGCsnap/tutorial/rubisco/contigs/contigs/MGYC001329004029.fna.gz,False,"['/scicore/home/schwede/pasqua0002/metaGCsnap/workflow/metaGCsnap/tutorial/rubisco/assemblies/assemblies_cds/ERZ778604_FASTA_CDS_annotated.faa.gz', '/scicore/home/schwede/pasqua0002/metaGCsnap/workflow/metaGCsnap/tutorial/rubisco/assemblies/assemblies_cds/ERZ778604_FASTA_CDS_unannotated.faa.gz']",/scicore/home/schwede/pasqua0002/metaGCsnap/workflow/metaGCsnap/tutorial/rubisco/contigs/proteins/MGYC001329004029.faa.gz,False,/scicore/home/schwede/pasqua0002/metaGCsnap/workflow/metaGCsnap/tutorial/rubisco/contigs/gff/MGYC001329004029.gff.gz,False
MGYC000171066608,ERZ1793633,ERZ1793633.8349-NODE-8350-length-4163-cov-3.222493,['/scicore/home/schwede/pasqua0002/metaGCsnap/workflow/metaGCsnap/tutorial/rubisco/assemblies/assemblies/ERZ1793633_FASTA.fasta.gz'],/scicore/home/schwede/pasqua0002/metaGCsnap/workflow/metaGCsnap/tutorial/rubisco/contigs/contigs/MGYC000171066608.fna.gz,True,['/scicore/home/schwede/pasqua0002/metaGCsnap/workflow/metaGCsnap/tutorial/rubisco/assemblies/assemblies_cds/ERZ1793633_FASTA_predicted_cds.faa.gz'],/scicore/home/schwede/pasqua0002/metaGCsnap/workflow/metaGCsnap/tutorial/rubisco/contigs/proteins/MGYC000171066608.faa.gz,True,/scicore/home/schwede/pasqua0002/metaGCsnap/workflow/metaGCsnap/tutorial/rubisco/contigs/gff/MGYC000171066608.gff.gz,True
MGYC000629559716,ERZ724083,ERZ724083.5557 NODE_5557_length_10265_cov_9.141234,['/scicore/home/schwede/pasqua0002/metaGCsnap/workflow/metaGCsnap/tutorial/rubisco/assemblies/assemblies/ERZ724083_FASTA.fasta.gz'],/scicore/home/schwede/pasqua0002/metaGCsnap/workflow/metaGCsnap/tutorial/rubisco/contigs/contigs/MGYC000629559716.fna.gz,False,"['/scicore/home/schwede/pasqua0002/metaGCsnap/workflow/metaGCsnap/tutorial/rubisco/assemblies/assemblies_cds/ERZ724083_FASTA_CDS_annotated.faa.gz', '/scicore/home/schwede/pasqua0002/metaGCsnap/workflow/metaGCsnap/tutorial/rubisco/assemblies/assemblies_cds/ERZ724083_FASTA_CDS_unannotated.faa.gz']",/scicore/home/schwede/pasqua0002/metaGCsnap/workflow/metaGCsnap/tutorial/rubisco/contigs/proteins/MGYC000629559716.faa.gz,False,/scicore/home/schwede/pasqua0002/metaGCsnap/workflow/metaGCsnap/tutorial/rubisco/contigs/gff/MGYC000629559716.gff.gz,False
MGYC000576736630,ERZ724085,ERZ724085.7286 NODE_7286_length_7238_cov_7.636085,['/scicore/home/schwede/pasqua0002/metaGCsnap/workflow/metaGCsnap/tutorial/rubisco/assemblies/assemblies/ERZ724085_FASTA.fasta.gz'],/scicore/home/schwede/pasqua0002/metaGCsnap/workflow/metaGCsnap/tutorial/rubisco/contigs/contigs/MGYC000576736630.fna.gz,False,"['/scicore/home/schwede/pasqua0002/metaGCsnap/workflow/metaGCsnap/tutorial/rubisco/assemblies/assemblies_cds/ERZ724085_FASTA_CDS_annotated.faa.gz', '/scicore/home/schwede/pasqua0002/metaGCsnap/workflow/metaGCsnap/tutorial/rubisco/assemblies/assemblies_cds/ERZ724085_FASTA_CDS_unannotated.faa.gz']",/scicore/home/schwede/pasqua0002/metaGCsnap/workflow/metaGCsnap/tutorial/rubisco/contigs/proteins/MGYC000576736630.faa.gz,False,/scicore/home/schwede/pasqua0002/metaGCsnap/workflow/metaGCsnap/tutorial/rubisco/contigs/gff/MGYC000576736630.gff.gz,False
MGYC000576557905,ERZ724086,ERZ724086.1578 NODE_1578_length_18075_cov_13.851443,['/scicore/home/schwede/pasqua0002/metaGCsnap/workflow/metaGCsnap/tutorial/rubisco/assemblies/assemblies/ERZ724086_FASTA.fasta.gz'],/scicore/home/schwede/pasqua0002/metaGCsnap/workflow/metaGCsnap/tutorial/rubisco/contigs/contigs/MGYC000576557905.fna.gz,False,"['/scicore/home/schwede/pasqua0002/metaGCsnap/workflow/metaGCsnap/tutorial/rubisco/assemblies/assemblies_cds/ERZ724086_FASTA_CDS_annotated.faa.gz', '/scicore/home/schwede/pasqua0002/metaGCsnap/workflow/metaGCsnap/tutorial/rubisco/assemblies/assemblies_cds/ERZ724086_FASTA_CDS_unannotated.faa.gz']",/scicore/home/schwede/pasqua0002/metaGCsnap/workflow/metaGCsnap/tutorial/rubisco/contigs/proteins/MGYC000576557905.faa.gz,False,/scicore/home/schwede/pasqua0002/metaGCsnap/workflow/metaGCsnap/tutorial/rubisco/contigs/gff/MGYC000576557905.gff.gz,False
MGYC000576762946,ERZ724087,ERZ724087.5875 NODE_5875_length_8674_cov_8.205824,['/scicore/home/schwede/pasqua0002/metaGCsnap/workflow/metaGCsnap/tutorial/rubisco/assemblies/assemblies/ERZ724087_FASTA.fasta.gz'],/scicore/home/schwede/pasqua0002/metaGCsnap/workflow/metaGCsnap/tutorial/rubisco/contigs/contigs/MGYC000576762946.fna.gz,False,"['/scicore/home/schwede/pasqua0002/metaGCsnap/workflow/metaGCsnap/tutorial/rubisco/assemblies/assemblies_cds/ERZ724087_FASTA_CDS_annotated.faa.gz', '/scicore/home/schwede/pasqua0002/metaGCsnap/workflow/metaGCsnap/tutorial/rubisco/assemblies/assemblies_cds/ERZ724087_FASTA_CDS_unannotated.faa.gz']",/scicore/home/schwede/pasqua0002/metaGCsnap/workflow/metaGCsnap/tutorial/rubisco/contigs/proteins/MGYC000576762946.faa.gz,False,/scicore/home/schwede/pasqua0002/metaGCsnap/workflow/metaGCsnap/tutorial/rubisco/contigs/gff/MGYC000576762946.gff.gz,False
MGYC001349355735,ERZ505214,ERZ505214.66-NODE-66-length-84372-cov-4.598837,['/scicore/home/schwede/pasqua0002/metaGCsnap/workflow/metaGCsnap/tutorial/rubisco/assemblies/assemblies/ERZ505214_FASTA.fasta.gz'],/scicore/home/schwede/pasqua0002/metaGCsnap/workflow/metaGCsnap/tutorial/rubisco/contigs/contigs/MGYC001349355735.fna.gz,True,['/scicore/home/schwede/pasqua0002/metaGCsnap/workflow/metaGCsnap/tutorial/rubisco/assemblies/assemblies_cds/ERZ505214_FASTA_predicted_cds.faa.gz'],/scicore/home/schwede/pasqua0002/metaGCsnap/workflow/metaGCsnap/tutorial/rubisco/contigs/proteins/MGYC001349355735.faa.gz,True,/scicore/home/schwede/pasqua0002/metaGCsnap/workflow/metaGCsnap/tutorial/rubisco/contigs/gff/MGYC001349355735.gff.gz,True
MGYC001350156015,ERZ505219,,['/scicore/home/schwede/pasqua0002/metaGCsnap/workflow/metaGCsnap/tutorial/rubisco/assemblies/assemblies/ERZ505219_FASTA.fasta.gz'],/scicore/home/schwede/pasqua0002/metaGCsnap/workflow/metaGCsnap/tutorial/rubisco/contigs/contigs/MGYC001350156015.fna.gz,False,['/scicore/home/schwede/pasqua0002/metaGCsnap/workflow/metaGCsnap/tutorial/rubisco/assemblies/assemblies_cds/ERZ505219_FASTA_predicted_cds.faa.gz'],/scicore/home/schwede/pasqua0002/metaGCsnap/workflow/metaGCsnap/tutorial/rubisco/contigs/proteins/MGYC001350156015.faa.gz,False,/scicore/home/schwede/pasqua0002/metaGCsnap/workflow/metaGCsnap/tutorial/rubisco/contigs/gff/MGYC001350156015.gff.gz,False
MGYC001350171075,ERZ505221,ERZ505221.530-NODE-530-length-22303-cov-3.815396,['/scicore/home/schwede/pasqua0002/metaGCsnap/workflow/metaGCsnap/tutorial/rubisco/assemblies/assemblies/ERZ505221_FASTA.fasta.gz'],/scicore/home/schwede/pasqua0002/metaGCsnap/workflow/metaGCsnap/tutorial/rubisco/contigs/contigs/MGYC001350171075.fna.gz,True,['/scicore/home/schwede/pasqua0002/metaGCsnap/workflow/metaGCsnap/tutorial/rubisco/assemblies/assemblies_cds/ERZ505221_FASTA_predicted_cds.faa.gz'],/scicore/home/schwede/pasqua0002/metaGCsnap/workflow/metaGCsnap/tutorial/rubisco/contigs/proteins/MGYC001350171075.faa.gz,True,/scicore/home/schwede/pasqua0002/metaGCsnap/workflow/metaGCsnap/tutorial/rubisco/contigs/gff/MGYC001350171075.gff.gz,True
MGYC001350180553,ERZ505222,ERZ505222.1617-NODE-1617-length-7923-cov-2.462529,['/scicore/home/schwede/pasqua0002/metaGCsnap/workflow/metaGCsnap/tutorial/rubisco/assemblies/assemblies/ERZ505222_FASTA.fasta.gz'],/scicore/home/schwede/pasqua0002/metaGCsnap/workflow/metaGCsnap/tutorial/rubisco/contigs/contigs/MGYC001350180553.fna.gz,True,['/scicore/home/schwede/pasqua0002/metaGCsnap/workflow/metaGCsnap/tutorial/rubisco/assemblies/assemblies_cds/ERZ505222_FASTA_predicted_cds.faa.gz'],/scicore/home/schwede/pasqua0002/metaGCsnap/workflow/metaGCsnap/tutorial/rubisco/contigs/proteins/MGYC001350180553.faa.gz,True,/scicore/home/schwede/pasqua0002/metaGCsnap/workflow/metaGCsnap/tutorial/rubisco/contigs/gff/MGYC001350180553.gff.gz,True
MGYC001352697317,ERZ505238,ERZ505238.1553-NODE-1553-length-6994-cov-2.178979,['/scicore/home/schwede/pasqua0002/metaGCsnap/workflow/metaGCsnap/tutorial/rubisco/assemblies/assemblies/ERZ505238_FASTA.fasta.gz'],/scicore/home/schwede/pasqua0002/metaGCsnap/workflow/metaGCsnap/tutorial/rubisco/contigs/contigs/MGYC001352697317.fna.gz,True,['/scicore/home/schwede/pasqua0002/metaGCsnap/workflow/metaGCsnap/tutorial/rubisco/assemblies/assemblies_cds/ERZ505238_FASTA_predicted_cds.faa.gz'],/scicore/home/schwede/pasqua0002/metaGCsnap/workflow/metaGCsnap/tutorial/rubisco/contigs/proteins/MGYC001352697317.faa.gz,True,/scicore/home/schwede/pasqua0002/metaGCsnap/workflow/metaGCsnap/tutorial/rubisco/contigs/gff/MGYC001352697317.gff.gz,True
MGYC001352708281,ERZ505241,ERZ505241.868-NODE-868-length-17420-cov-3.632128,['/scicore/home/schwede/pasqua0002/metaGCsnap/workflow/metaGCsnap/tutorial/rubisco/assemblies/assemblies/ERZ505241_FASTA.fasta.gz'],/scicore/home/schwede/pasqua0002/metaGCsnap/workflow/metaGCsnap/tutorial/rubisco/contigs/contigs/MGYC001352708281.fna.gz,True,['/scicore/home/schwede/pasqua0002/metaGCsnap/workflow/metaGCsnap/tutorial/rubisco/assemblies/assemblies_cds/ERZ505241_FASTA_predicted_cds.faa.gz'],/scicore/home/schwede/pasqua0002/metaGCsnap/workflow/metaGCsnap/tutorial/rubisco/contigs/proteins/MGYC001352708281.faa.gz,True,/scicore/home/schwede/pasqua0002/metaGCsnap/workflow/metaGCsnap/tutorial/rubisco/contigs/gff/MGYC001352708281.gff.gz,True
MGYC001350146637,ERZ508522,ERZ508522.10-NODE-10-length-266107-cov-10.581468,['/scicore/home/schwede/pasqua0002/metaGCsnap/workflow/metaGCsnap/tutorial/rubisco/assemblies/assemblies/ERZ508522_FASTA.fasta.gz'],/scicore/home/schwede/pasqua0002/metaGCsnap/workflow/metaGCsnap/tutorial/rubisco/contigs/contigs/MGYC001350146637.fna.gz,True,['/scicore/home/schwede/pasqua0002/metaGCsnap/workflow/metaGCsnap/tutorial/rubisco/assemblies/assemblies_cds/ERZ508522_FASTA_predicted_cds.faa.gz'],/scicore/home/schwede/pasqua0002/metaGCsnap/workflow/metaGCsnap/tutorial/rubisco/contigs/proteins/MGYC001350146637.faa.gz,True,/scicore/home/schwede/pasqua0002/metaGCsnap/workflow/metaGCsnap/tutorial/rubisco/contigs/gff/MGYC001350146637.gff.gz,True
MGYC001161375026,ERZ1760261,ERZ1760261.1172-NODE-1172-length-5712-cov-3.053562,['/scicore/home/schwede/pasqua0002/metaGCsnap/workflow/metaGCsnap/tutorial/rubisco/assemblies/assemblies/ERZ1760261_FASTA.fasta.gz'],/scicore/home/schwede/pasqua0002/metaGCsnap/workflow/metaGCsnap/tutorial/rubisco/contigs/contigs/MGYC001161375026.fna.gz,True,['/scicore/home/schwede/pasqua0002/metaGCsnap/workflow/metaGCsnap/tutorial/rubisco/assemblies/assemblies_cds/ERZ1760261_FASTA_predicted_cds.faa.gz'],/scicore/home/schwede/pasqua0002/metaGCsnap/workflow/metaGCsnap/tutorial/rubisco/contigs/proteins/MGYC001161375026.faa.gz,True,/scicore/home/schwede/pasqua0002/metaGCsnap/workflow/metaGCsnap/tutorial/rubisco/contigs/gff/MGYC001161375026.gff.gz,True
MGYC001161357273,ERZ1760262,ERZ1760262.204-NODE-204-length-87820-cov-7.788367,['/scicore/home/schwede/pasqua0002/metaGCsnap/workflow/metaGCsnap/tutorial/rubisco/assemblies/assemblies/ERZ1760262_FASTA.fasta.gz'],/scicore/home/schwede/pasqua0002/metaGCsnap/workflow/metaGCsnap/tutorial/rubisco/contigs/contigs/MGYC001161357273.fna.gz,True,['/scicore/home/schwede/pasqua0002/metaGCsnap/workflow/metaGCsnap/tutorial/rubisco/assemblies/assemblies_cds/ERZ1760262_FASTA_predicted_cds.faa.gz'],/scicore/home/schwede/pasqua0002/metaGCsnap/workflow/metaGCsnap/tutorial/rubisco/contigs/proteins/MGYC001161357273.faa.gz,True,/scicore/home/schwede/pasqua0002/metaGCsnap/workflow/metaGCsnap/tutorial/rubisco/contigs/gff/MGYC001161357273.gff.gz,True
MGYC001161311837,ERZ1760263,ERZ1760263.178-NODE-178-length-87820-cov-7.597881,['/scicore/home/schwede/pasqua0002/metaGCsnap/workflow/metaGCsnap/tutorial/rubisco/assemblies/assemblies/ERZ1760263_FASTA.fasta.gz'],/scicore/home/schwede/pasqua0002/metaGCsnap/workflow/metaGCsnap/tutorial/rubisco/contigs/contigs/MGYC001161311837.fna.gz,True,['/scicore/home/schwede/pasqua0002/metaGCsnap/workflow/metaGCsnap/tutorial/rubisco/assemblies/assemblies_cds/ERZ1760263_FASTA_predicted_cds.faa.gz'],/scicore/home/schwede/pasqua0002/metaGCsnap/workflow/metaGCsnap/tutorial/rubisco/contigs/proteins/MGYC001161311837.faa.gz,True,/scicore/home/schwede/pasqua0002/metaGCsnap/workflow/metaGCsnap/tutorial/rubisco/contigs/gff/MGYC001161311837.gff.gz,True
MGYC001161437107,ERZ1760264,ERZ1760264.2297-NODE-2297-length-2841-cov-2.366475,['/scicore/home/schwede/pasqua0002/metaGCsnap/workflow/metaGCsnap/tutorial/rubisco/assemblies/assemblies/ERZ1760264_FASTA.fasta.gz'],/scicore/home/schwede/pasqua0002/metaGCsnap/workflow/metaGCsnap/tutorial/rubisco/contigs/contigs/MGYC001161437107.fna.gz,True,['/scicore/home/schwede/pasqua0002/metaGCsnap/workflow/metaGCsnap/tutorial/rubisco/assemblies/assemblies_cds/ERZ1760264_FASTA_predicted_cds.faa.gz'],/scicore/home/schwede/pasqua0002/metaGCsnap/workflow/metaGCsnap/tutorial/rubisco/contigs/proteins/MGYC001161437107.faa.gz,True,/scicore/home/schwede/pasqua0002/metaGCsnap/workflow/metaGCsnap/tutorial/rubisco/contigs/gff/MGYC001161437107.gff.gz,True
MGYC001161386914,ERZ1760265,ERZ1760265.214-NODE-214-length-87820-cov-8.698456,['/scicore/home/schwede/pasqua0002/metaGCsnap/workflow/metaGCsnap/tutorial/rubisco/assemblies/assemblies/ERZ1760265_FASTA.fasta.gz'],/scicore/home/schwede/pasqua0002/metaGCsnap/workflow/metaGCsnap/tutorial/rubisco/contigs/contigs/MGYC001161386914.fna.gz,True,['/scicore/home/schwede/pasqua0002/metaGCsnap/workflow/metaGCsnap/tutorial/rubisco/assemblies/assemblies_cds/ERZ1760265_FASTA_predicted_cds.faa.gz'],/scicore/home/schwede/pasqua0002/metaGCsnap/workflow/metaGCsnap/tutorial/rubisco/contigs/proteins/MGYC001161386914.faa.gz,True,/scicore/home/schwede/pasqua0002/metaGCsnap/workflow/metaGCsnap/tutorial/rubisco/contigs/gff/MGYC001161386914.gff.gz,True
MGYC001161326517,ERZ1760266,ERZ1760266.182-NODE-182-length-87820-cov-7.673606,['/scicore/home/schwede/pasqua0002/metaGCsnap/workflow/metaGCsnap/tutorial/rubisco/assemblies/assemblies/ERZ1760266_FASTA.fasta.gz'],/scicore/home/schwede/pasqua0002/metaGCsnap/workflow/metaGCsnap/tutorial/rubisco/contigs/contigs/MGYC001161326517.fna.gz,True,['/scicore/home/schwede/pasqua0002/metaGCsnap/workflow/metaGCsnap/tutorial/rubisco/assemblies/assemblies_cds/ERZ1760266_FASTA_predicted_cds.faa.gz'],/scicore/home/schwede/pasqua0002/metaGCsnap/workflow/metaGCsnap/tutorial/rubisco/contigs/proteins/MGYC001161326517.faa.gz,True,/scicore/home/schwede/pasqua0002/metaGCsnap/workflow/metaGCsnap/tutorial/rubisco/contigs/gff/MGYC001161326517.gff.gz,True
MGYC001161268177,ERZ1760267,ERZ1760267.121-NODE-121-length-88259-cov-6.778910,['/scicore/home/schwede/pasqua0002/metaGCsnap/workflow/metaGCsnap/tutorial/rubisco/assemblies/assemblies/ERZ1760267_FASTA.fasta.gz'],/scicore/home/schwede/pasqua0002/metaGCsnap/workflow/metaGCsnap/tutorial/rubisco/contigs/contigs/MGYC001161268177.fna.gz,True,['/scicore/home/schwede/pasqua0002/metaGCsnap/workflow/metaGCsnap/tutorial/rubisco/assemblies/assemblies_cds/ERZ1760267_FASTA_predicted_cds.faa.gz'],/scicore/home/schwede/pasqua0002/metaGCsnap/workflow/metaGCsnap/tutorial/rubisco/contigs/proteins/MGYC001161268177.faa.gz,True,/scicore/home/schwede/pasqua0002/metaGCsnap/workflow/metaGCsnap/tutorial/rubisco/contigs/gff/MGYC001161268177.gff.gz,True
MGYC001161218683,ERZ1760268,ERZ1760268.85-NODE-85-length-87820-cov-4.262417,['/scicore/home/schwede/pasqua0002/metaGCsnap/workflow/metaGCsnap/tutorial/rubisco/assemblies/assemblies/ERZ1760268_FASTA.fasta.gz'],/scicore/home/schwede/pasqua0002/metaGCsnap/workflow/metaGCsnap/tutorial/rubisco/contigs/contigs/MGYC001161218683.fna.gz,True,['/scicore/home/schwede/pasqua0002/metaGCsnap/workflow/metaGCsnap/tutorial/rubisco/assemblies/assemblies_cds/ERZ1760268_FASTA_predicted_cds.faa.gz'],/scicore/home/schwede/pasqua0002/metaGCsnap/workflow/metaGCsnap/tutorial/rubisco/contigs/proteins/MGYC001161218683.faa.gz,True,/scicore/home/schwede/pasqua0002/metaGCsnap/workflow/metaGCsnap/tutorial/rubisco/contigs/gff/MGYC001161218683.gff.gz,True
MGYC001161395834,ERZ1760269,ERZ1760269.1079-NODE-1079-length-6479-cov-2.109589,['/scicore/home/schwede/pasqua0002/metaGCsnap/workflow/metaGCsnap/tutorial/rubisco/assemblies/assemblies/ERZ1760269_FASTA.fasta.gz'],/scicore/home/schwede/pasqua0002/metaGCsnap/workflow/metaGCsnap/tutorial/rubisco/contigs/contigs/MGYC001161395834.fna.gz,True,['/scicore/home/schwede/pasqua0002/metaGCsnap/workflow/metaGCsnap/tutorial/rubisco/assemblies/assemblies_cds/ERZ1760269_FASTA_predicted_cds.faa.gz'],/scicore/home/schwede/pasqua0002/metaGCsnap/workflow/metaGCsnap/tutorial/rubisco/contigs/proteins/MGYC001161395834.faa.gz,True,/scicore/home/schwede/pasqua0002/metaGCsnap/workflow/metaGCsnap/tutorial/rubisco/contigs/gff/MGYC001161395834.gff.gz,True
MGYC001475293747,ERZ650344,,['/scicore/home/schwede/pasqua0002/metaGCsnap/workflow/metaGCsnap/tutorial/rubisco/assemblies/assemblies/ERZ650344_FASTA.fasta.gz'],/scicore/home/schwede/pasqua0002/metaGCsnap/workflow/metaGCsnap/tutorial/rubisco/contigs/contigs/MGYC001475293747.fna.gz,False,"['/scicore/home/schwede/pasqua0002/metaGCsnap/workflow/metaGCsnap/tutorial/rubisco/assemblies/assemblies_cds/ERZ650344_FASTA_CDS_annotated.faa.gz', '/scicore/home/schwede/pasqua0002/metaGCsnap/workflow/metaGCsnap/tutorial/rubisco/assemblies/assemblies_cds/ERZ650344_FASTA_CDS_unannotated.faa.gz']",/scicore/home/schwede/pasqua0002/metaGCsnap/workflow/metaGCsnap/tutorial/rubisco/contigs/proteins/MGYC001475293747.faa.gz,False,/scicore/home/schwede/pasqua0002/metaGCsnap/workflow/metaGCsnap/tutorial/rubisco/contigs/gff/MGYC001475293747.gff.gz,False
MGYC001475873029,ERZ650667,,['/scicore/home/schwede/pasqua0002/metaGCsnap/workflow/metaGCsnap/tutorial/rubisco/assemblies/assemblies/ERZ650667_FASTA.fasta.gz'],/scicore/home/schwede/pasqua0002/metaGCsnap/workflow/metaGCsnap/tutorial/rubisco/contigs/contigs/MGYC001475873029.fna.gz,False,"['/scicore/home/schwede/pasqua0002/metaGCsnap/workflow/metaGCsnap/tutorial/rubisco/assemblies/assemblies_cds/ERZ650667_FASTA_CDS_annotated.faa.gz', '/scicore/home/schwede/pasqua0002/metaGCsnap/workflow/metaGCsnap/tutorial/rubisco/assemblies/assemblies_cds/ERZ650667_FASTA_CDS_unannotated.faa.gz']",/scicore/home/schwede/pasqua0002/metaGCsnap/workflow/metaGCsnap/tutorial/rubisco/contigs/proteins/MGYC001475873029.faa.gz,False,/scicore/home/schwede/pasqua0002/metaGCsnap/workflow/metaGCsnap/tutorial/rubisco/contigs/gff/MGYC001475873029.gff.gz,False
MGYC001476397871,ERZ650668,ERZ650668.907 NODE_907_length_48877_cov_11.969754,['/scicore/home/schwede/pasqua0002/metaGCsnap/workflow/metaGCsnap/tutorial/rubisco/assemblies/assemblies/ERZ650668_FASTA.fasta.gz'],/scicore/home/schwede/pasqua0002/metaGCsnap/workflow/metaGCsnap/tutorial/rubisco/contigs/contigs/MGYC001476397871.fna.gz,False,"['/scicore/home/schwede/pasqua0002/metaGCsnap/workflow/metaGCsnap/tutorial/rubisco/assemblies/assemblies_cds/ERZ650668_FASTA_CDS_annotated.faa.gz', '/scicore/home/schwede/pasqua0002/metaGCsnap/workflow/metaGCsnap/tutorial/rubisco/assemblies/assemblies_cds/ERZ650668_FASTA_CDS_unannotated.faa.gz']",/scicore/home/schwede/pasqua0002/metaGCsnap/workflow/metaGCsnap/tutorial/rubisco/contigs/proteins/MGYC001476397871.faa.gz,False,/scicore/home/schwede/pasqua0002/metaGCsnap/workflow/metaGCsnap/tutorial/rubisco/contigs/gff/MGYC001476397871.gff.gz,False
